Feature,Importance
x63,0.11074224008660336
x64,0.087371689820929
x65,0.046054786421195155
x32,0.03324040204374421
x59,0.03181662344670078
x7,0.031705745400913636
x36,0.02836551615469675
x35,0.027588971296961008
x28,0.023830626326831618
x11,0.022376726975931748
x66,0.021792529780867143
x37,0.016288983421941038
x12,0.015564961323041861
x26,0.015311341256899081
x27,0.01507557454516743
x6,0.014780720296349888
x4,0.014028016372185098
x42,0.01387256945426665
x47,0.013552947682983478
x38,0.013215597093390843
