Feature,Mean_Abs_SHAP
Interest_Coverage,1.515183459403945
Operating_Margin,0.5386905771440992
Debt_to_Equity,0.4069003581026294
ROA,0.13412660984392638
ROE,0.1331489917669365
Net profit,0.10575994354799612
Expense_Ratio,0.06475857389479847
Profit before tax,0.05122340629815016
Profit_Margin,0.03532254469808576
Operating Profit,0.030724426350484065
Reserves,0.02544995034164258
Cash_Margin,0.024640480435901942
Profit_Growth,0.01800856176234084
Cash_to_Debt,0.017716156243858593
Cash from Financing Activity,0.017138601488084125
Profit_CAGR_3Y,0.01710493585000661
Tax,0.016999245574542885
Depreciation_Ratio,0.01655893738864882
Dividend Amount,0.015706787036513424
Capital Work in Progress,0.015394268036881688
