Feature_1,Feature_2,Correlation,Abs_Correlation
x3,x21,1.0,1.0
x12,x17,1.0,1.0
x5,x45,0.9998,0.9998
x25,x49,0.9994,0.9994
x13,x45,0.9994,0.9994
x5,x13,0.9994,0.9994
x24,x45,0.9993,0.9993
x5,x24,0.999,0.999
x13,x24,0.9986,0.9986
x1,x2,0.996,0.996
x45,x52,0.9947,0.9947
x24,x52,0.9942,0.9942
x5,x52,0.9934,0.9934
x13,x52,0.9924,0.9924
x9,x30,0.9861,0.9861
x2,x43,0.9857,0.9857
x1,x43,0.9818,0.9818
x26,x27,0.9772,0.9772
x13,x14,-0.9758,0.9758
x5,x14,-0.9747,0.9747
x14,x45,-0.9725,0.9725
x14,x24,-0.9722,0.9722
x27,x52,0.9611,0.9611
