Feature,Missing_Count,Missing_Pct
x1,25,0.68
x2,22,0.6
x3,24,0.66
x4,15,0.41
x5,26,0.71
x6,19,0.52
x7,29,0.79
x8,451,12.32
x9,64,1.75
x10,47,1.28
x11,19,0.52
x12,14,0.38
x13,16,0.44
x14,26,0.71
x15,11,0.3
x16,438,11.97
x17,16,0.44
x18,46,1.26
x19,49,1.34
x20,31,0.85
x21,26,0.71
x22,423,11.56
x23,26,0.71
x24,29,0.79
x25,23,0.63
x26,16,0.44
x27,14,0.38
x28,16,0.44
x29,57,1.56
x30,63,1.72
x31,26,0.71
x32,45,1.23
x33,48,1.31
x34,24,0.66
x35,19,0.52
x36,26,0.71
x37,15,0.41
x38,15,0.41
x39,62,1.69
x40,26,0.71
x41,64,1.75
x42,60,1.64
x43,31,0.85
x44,29,0.79
x45,26,0.71
x46,70,1.91
x47,17,0.46
x48,33,0.9
x49,30,0.82
x50,27,0.74
x51,20,0.55
x52,21,0.57
x53,33,0.9
x54,33,0.9
x55,22,0.6
x56,22,0.6
x57,22,0.6
x58,27,0.74
x59,40,1.09
x60,40,1.09
x61,26,0.71
x62,23,0.63
x63,15,0.41
x64,64,1.75
x65,39,1.07
x66,22,0.6
